id;phone_number;mobile_number;gender;about;image_link;image_link_content_type;code;birthdate;last_degree
1;past urgently trained;snuck yowza;false;woot;../fake-data/blob/hipster.png;image/png;wide;2023-12-25;or unabashedly
2;fare uh-huh different;abundance before;true;great versus;../fake-data/blob/hipster.png;image/png;vast;2023-12-24;group sure-footed
3;provided;instead slump;true;snorkel meow;../fake-data/blob/hipster.png;image/png;bah gently big;2023-12-25;the settle
4;yum esteemed;considering lest flickering;false;bright archaeology rampage;../fake-data/blob/hipster.png;image/png;medical beautiful;2023-12-25;until
5;forfeit vivacious;circa yahoo;true;up;../fake-data/blob/hipster.png;image/png;decentralise madly sadly;2023-12-24;softly supervisor
6;times ick;until wobbly;false;ape mix;../fake-data/blob/hipster.png;image/png;beautifully;2023-12-25;famously
7;phew whether;suppurate;false;disavow disposer gah;../fake-data/blob/hipster.png;image/png;until while like;2023-12-24;that
8;within openly original;shorten;true;amidst nearly;../fake-data/blob/hipster.png;image/png;failing justly mmm;2023-12-24;sleepily shred
9;district utilized;as silently zowie;false;pertinent psst generally;../fake-data/blob/hipster.png;image/png;pish punctually graduation;2023-12-25;excepting huzzah till
10;behind well-off gym;gleaming sauce;true;thirsty yahoo up;../fake-data/blob/hipster.png;image/png;diphthongise;2023-12-25;inspiration devoted
